Meaning (on row),,,,,,,,,,,,,,,,,,,,,,,,,,,,,,,,,,,,,,,,,,,,,,,,,,,,,,
Keywords in English (on row),,,,Method of Focal Objects,Morphological Analysis Method,Check-listing Method,Brainstorming,Synectics (method of using analogies),Methods of activating creativitive thinking,combine non-TRIZ techniques,,(11) separation principles,(40) basic creativity principles,segmentation,taking out,local quality,asymmetry,merging,universality,nesting,anti-weight,preliminary anti-action,preliminary action,beforehand cushioning,equipotentiality,reversing,spheroidality,dynamics,partial or excessive actions,change to another dimension,mechanical vibration,periodic action,continuity of useful actions,skipping,blessing in disguise,feedback,intermediary,self-service,copying,cheap short-living objects,mechanics substitution,pneumatics and hydraulics,flexible shells and thin films,porous materials,color change,homogeneity,discarding and recovering,parameter changes,phase transitions,thermal expansion,strong oxidants,inert atmosphere,composite materials,combine TRIZ techniques
Keywords in Vietnamese (on row),Specialization/Job,Course number,Keywords related to non-TRIZ activating creativitive thinking techniques,đối tượng tiêu điểm,phân tích hình thái,câu hỏi kiểm tra,não công,"Synectics, các phép tương tự",tích cực hóa tư duy,"đối tượng tiêu điểm, phân tích hình thái, câu hỏi kiểm tra, não công, Synectics, tích cực hóa tư duy",Keywords related to TRIZ techniques,biến đổi mẫu,"thủ thuật, nguyên tắc",phân nhỏ,tách khỏi,phẩm chất cục bộ,"phản đối xứng, bất đối xứng",kết hợp,vạn năng,chứa trong,phản trọng lượng,"ứng suất sơ bộ, phản tác động sơ bộ",thực hiện sơ bộ,dự phòng,đẳng thế,đảo ngược,"cầu hóa, cầu tròn hóa",linh động,"giải thiếu, giải thừa, giải thiếu hoặc thừa, tác động thiếu, tác động thừa",chuyển sang chiều khác,dao động cơ học,tác động theo chu kỳ,"liên tục các tác động có ích, liên tục tác động có ích",vượt nhanh,biến hại thành lợi,quan hệ phản hồi,"sử dụng trung gian, sử dụng đối tượng trung gian",tự phục vụ,sao chép,rẻ thay cho đắt,"thay thế sơ đồ cơ học, thay thế kết cấu cơ học","sử dụng các chất khí và lỏng, kết cấu khí và lỏng",vỏ dẻo và màng mỏng,"chi tiết nhiều lỗ, vật liệu nhiều lỗ",thay đổi màu sắc,đồng nhất,"phân hủy hoặc tái sinh từng phần, phân hủy hoặc tái sinh các phần","thay đổi thông số hóa lý, thay đổi các thông số hóa lý",chuyển pha,"sự nở nhiệt, sự co nhiệt",chất ôxy hóa mạnh,thay đổi độ trơ,"vật liệu hợp thành, vật liệu composite","biến đổi mẫu, thủ thuật, nguyên tắc, biến hại thành lợi, cầu hóa, cầu tròn hóa, đẳng thế, dự phòng, kết hợp, liên tục các tác động có ích, liên tục tác động có ích, linh động, phân nhỏ, quan hệ phản hồi, tách khỏi, tự phục vụ, ứng suất sơ bộ, vạn năng, thực hiện sơ bộ, giải thiếu, giải thừa, chuyển sang chiều khác, đảo ngược, chứa trong"
data_individual/data_hssv/hs0028.txt,"SV năm thứ hai, Học viện bưu chính viễn thông
","193
",,,,,,,,,,,1,,,,,,,,,,,,,,,,,,,,,,,,,,,,,,,,,,,,,,,,,1
data_individual/data_hssv/hs0046.txt,"sinh viên Đại học Y dược
","309
",,,,,,,,,,,,,,,,,,,,,,,,,,,,,,,,,,,,,,,,,,,,,,,,,,,,
data_individual/data_hssv/hs0030.txt,"sinh viên ĐH bách khoa
","196
",,,,,,1,1,1,,,1,,,,,,,1,,,,,,,,,,,,,,,,,,,,,,,,,,,,,,,,,,1
data_individual/data_hssv/hs0001.txt,"học sinh lớp 11 Trường chuyên Lê Hồng Phong
","35
",,,,,,,,,,,1,,,,,,,,,,,,,,,,,,,,,,,,,,,,,,,,,,,,,,,,,1
data_individual/data_hssv/hs0036.txt,"sinh viên Trường đại học khoa học tự nhiên
","214
",,,,,1,,1,1,,,1,,,,,,,,,,,,,,,,,,,,,,,,,,,,,,,,,,,,,,,,,1
data_individual/data_hssv/hs0035.txt,"sinh viên
","210
",,,,,,,,,,,,,,,,,,,,,,,,,,1,,,,,,,,,,,,,,,,,,,,,,,,,,1
data_individual/data_hssv/hs0015.txt,"sinh viên ĐH tổng hợp
","79
",,,,,,,,,,,,,,,,,,,,,,,,,,,,,,,,,,,,,,,,,,,,,,,,,,,,
data_individual/data_hssv/hs0007.txt,"sinh viên ĐH Kiến trúc
","26
",,1,1,,,,,1,,,1,,,,,,,,,,,,,,,,,,,,,,,,,,,,,,,,,,,,,,,,,1
data_individual/data_hssv/hs0040.txt,"sinh viên
","249
",,,,,,,,,,,1,,,,,,,,,,,,,,,,,,,,,,,,,,,,,,,,,,,,,,,,,1
data_individual/data_hssv/hs0020.txt,"sinh viên, ĐH Kỹ Thuật
","127
",,,,,,,1,1,,,1,,,,,,,,,,,,,,,,,1,,,,,,,,,,,,,,,,,,,,,,,,1
data_individual/data_hssv/hs0047.txt,"sinh viên
","309
",,,,,,,,,,,1,,,,,1,,,,,,,,,1,,,,,,,,,,,,,,,,,,,,,,,,,,,1
data_individual/data_hssv/hs0008.txt,"sinh viên
","43
",,,,,,,1,1,,,1,,,,,,,,,,1,1,,,,,,,,,1,,,,,,,,,,,,,,,,,,,,,1
data_individual/data_hssv/hs0017.txt,"sinh viên
","117
",,,,,,,,,,,1,,,,,,,,,,,,,,,,,,,,,,,,,,,,,,,,,,,,,,,,,1
data_individual/data_hssv/hs0016.txt,"sinh viên ĐH bách khoa
","95
",,,,,,,,,,,1,,,,,,,,,,,,,,,,,,,,,,,,,,,,,,,,,,,,,,,,,1
data_individual/data_hssv/hs0005.txt,"12/12, học sinh trường nghề
","26
",,,1,,,,,1,,,1,,,,,,,,,,,,,,,,,,,,,,,,,,,,,,,,,,,,,,,,,1
data_individual/data_hssv/hs0051.txt,"sinh viên
","423
",,,,,,,1,1,,,1,,,,,,,,,,,,,,,,,,,,,,,,,,,,,,,,,,,,,,,,,1
data_individual/data_hssv/hs0037.txt,"sinh viên Trường đại học khoa học tự nhiên
","216
",,,,,,,1,1,,,1,,,,,,,,,,,1,,,,,,,,,,,,,,,,,,,,,,,,,,,,,,1
data_individual/data_hssv/hs0004.txt,"học sinh
","127
",,,,,,,,,,,,,,,,,,,,,,,,,,,,,,,,,,,,,,,,,,,,,,,,,,,,
data_individual/data_hssv/hs0039.txt,"sinh viên
","219
",,,,,,,,,,,,,,,,,,,,,,,,,,,,,,,,,,,,,,,,,,,,,,,,,,,,
data_individual/data_hssv/hs0009.txt,"sinh viên
","43
",,,,,,,,,,,1,,1,,,1,,,,1,1,1,,,,,,,,,,,1,,,,,,,,1,,1,,,,,,,,,1
data_individual/data_hssv/hs0014.txt,"sinh viên ĐH ngành QTKD
","73
",,,,,,,,,,,1,,,,,,,,,,1,,,,,,,,,,,,,,,,,,,,,,,,,,,,,,,1
data_individual/data_hssv/hs0038.txt,"sinh viên
","218
",,,,,,,,,,,,,,,,,,,,,,,,,,,,,,,,,,,,,,,,,,,,,,,,,,,,
data_individual/data_hssv/hs0021.txt,"sinh viên Đại học Nông Lâm
","127
",,,,,,,,,,,,,,,,,,,,,,,,,,,,,,,,,,,,,,,,,,,,,,,,,,,,
data_individual/data_hssv/hs0031.txt,"sinh viên
","200
",,,,,,,1,1,,,1,,,,,,,,,,,,,,,,,,,,,,,,,,,,,,,,,,,,,,,,,1
data_individual/data_hssv/hs0024.txt,"sinh viên
","131
",,,,,,,,,,,,,,,,,,,,,,,,,,,,,,,,,,,,,,,,,,,,,,,,,,,,
data_individual/data_hssv/hs0000.txt,"VII.3.2. THU HOẠCH CỦA CÁC HỌC SINH, SINH VIÊN
","VII.3.2. THU HOẠCH CỦA CÁC HỌC SINH, SINH VIÊN
",,,,,,,,,,,,,,,,,,,,,,,,,,,,,,,,,,,,,,,,,,,,,,,,,,,,
data_individual/data_hssv/hs0045.txt,"sinh viên
","294
",,,,,,,,,,,1,,,,,,,,,,,,,,,,,,,,,,,,,,,,,,,,,,,,,,,,,1
data_individual/data_hssv/hs0042.txt,"sinh viên
","263
",,,,,,,,,,,1,,,,,,,,,,,,,,,,,,,,,,,,,,,,,,,,,,,,,,,,,1
data_individual/data_hssv/hs0003.txt,"học sinh 12/12
","59
",,,,,,,,,,,,,,,,,,,,,,,,,,,,,,,,,,,,,,,,,,,,,,,,,,,,
data_individual/data_hssv/hs0013.txt,"sinh viên ĐH tổng hợp
","65
",,,,,,,1,1,,,1,,,,,,,,,,,,,,,,,,,,,,,,,,,,,,,,,,,,,,,,,1
data_individual/data_hssv/hs0010.txt,"sinh viên ĐH Bách khoa
","45
",,,,,,,,,,,1,,,,,,,,,,,,1,,,,,,,,1,,,1,,,,,,,,,,,,,,,,,,1
data_individual/data_hssv/hs0002.txt,"học sinh
","58
",,,,,,,,,,,,,,,,,,,,,,,,,,,,,,,,,,,,,,,,,,,,,,,,,,,,
data_individual/data_hssv/hs0050.txt,"sinh viên
","417
",,,1,,,1,1,1,,,1,,,,,,,,,,,,,,,,,,,,,,,,,,,,,,,,,,,,,,,,,1
data_individual/data_hssv/hs0041.txt,"sinh viên khoa Hóa, Trường đại học khoa học tự nhiên
","263
",,,,,,,,,,,1,1,,,,,,,,1,1,1,,,,,,,,,,,,,,,,,,,,,,,,,,,,,,1
data_individual/data_hssv/hs0018.txt,"sinh viên
","117
",,,,,,,,,,,1,,,,,,,,,,,,,,,,,,,,1,1,,1,,,,,,,,,,,,,,,,,,1
data_individual/data_hssv/hs0032.txt,"sinh viên năm 2, khoa môi trường, Trường đại học khoa học tự nhiên
","209
",,,,,,,,,,1,1,,,,,,,,,,,,,,,,,,,,,,,,,,,,,,,,,,,,,,,,,1
data_individual/data_hssv/hs0044.txt,"sinh viên
","265
",,,,,,,1,1,,,1,,,,,,,,,,,,,,,,,,,,,,,,,,,,,,,,,,,,,,,,,1
data_individual/data_hssv/hs0025.txt,"sinh viên ĐH bách khoa, khoa CNTT
","144
",,,,,,,1,1,,,1,,,,,,,,,,,,,,,,,,,,,,,,,,,,,,,,,,,,,,,,,1
data_individual/data_hssv/hs0049.txt,"sinh viên
","387
",,,,,,,,,,,,,,,,,,,,,,,,,,,,,,,,,,,,,,,,,,,,,,,,,,,,
data_individual/data_hssv/hs0048.txt,"sinh viên
","353
",,,,,,,,,,,,,,,,1,,,,,,,,,,,,,,,,,,,,,,,,,,,,,,,,,,,,1
data_individual/data_hssv/hs0027.txt,"sinh viên ngành quản trị kinh doanh
","192
",,,,,,,,,,,,,,,,,,,,,,,,,,,,,,,,,,,,,,,,,,,,,,,,,,,,
data_individual/data_hssv/hs0006.txt,"sinh viên Tin học
","19
",,,1,,,,,1,,,,,,,,,,,,,,,,,,1,,,,,,,,,,,,,,,,,,,,,,,,,,1
data_individual/data_hssv/hs0033.txt,"sinh viên y khoa
","209
",,,,,,,,,,,1,1,1,1,,1,,,,,,1,,,,1,,1,,1,,,,,,,,,,,,,1,,,,,,,,,1
data_individual/data_hssv/hs0026.txt,"sinh viên
","192
",,,,,,,,,,,,,,,,,,,,,,,,,,,,,,,,,,,,,,,,,,,,,,,,,,,,
data_individual/data_hssv/hs0022.txt,"sinh viên
","128
",,,,,,,,,,,,,,,,,,,,,,,,,,,,,,,,,,,,,,,,,,,,,,,,,,,,
data_individual/data_hssv/hs0029.txt,"sinh viên ngành CNTT
","194
",,,,,,,,,,,,,,,,,,,,,,,,,,,,,,,,,,,,,,,,,,,,,,,,,,,,
data_individual/data_hssv/hs0043.txt,"sinh viên
","263
",,,,,,,,,,,1,,,,,,,,,,,,,,,,,,,,,,,,,,,,,,,,,,,,,,,,,1
data_individual/data_hssv/hs0012.txt,"sinh viên ĐH Kiến trúc
","60
",,,,,,,,,,,1,,,,,,,,,,1,1,,,,,,,,,,,,,,,,,,,,,,,,,,,,,,1
data_individual/data_hssv/hs0019.txt,"sinh viên
","125
",,,,,,,,,,,,,,,,,,,,,,,,,,,,,,,,,,,,,,,,,,,,,,,,,,,,
data_individual/data_hssv/hs0023.txt,"sinh viên Trường đại học khoa học tự nhiên
","131
",,,,,,,,,,,,,,,,,,,,,,,,,,,,,,,,,,,,,,,,,,,,,,,,,,,,
data_individual/data_hssv/hs0034.txt,"sinh viên
","210
",,,,,,,,,,,,,,,,,,,,,,,,,,,,,,,,,,,,,,,,,,,,,,,,,,,,
data_individual/data_hssv/hs0052.txt,"sinh viên
","456
",,,,,1,,1,1,,1,,,,,,,,,,,,,,,,1,,,,,,,,,,,,,,,,,,,,,,,,,,1
data_individual/data_hssv/hs0011.txt,"sinh viên
","45
",,,,,,,,,,,1,,,,,,,,,,,,,,,,,,,,,,,,,,,,,,,,,,,,,,,,,1
data_individual/data_giaoduc/gd0037.txt,"giảng viên, Trường CB QLGD Tp.HCM
","168
",,,1,,,,1,1,,,1,,,,,,,,,,,,,,,,,,,,,,,,,,,,,,,,,,,,,,,,,1
data_individual/data_giaoduc/gd0033.txt,"giảng viên, Trường cán bộ quản lý giáo dục Tp.HCM
","168
",,,,,,,1,1,,,1,1,,,,,,,,,,,,,,,,,,,,,,,,,,,,,,,,,,,,,,,,1
data_individual/data_giaoduc/gd0014.txt,"cán bộ quản lý giáo dục, Phòng giáo dục & đào tạo Châu Thành, Tây Ninh
","145
",,,,,1,,,1,,,1,1,,,,,,,,1,,1,,,,1,,,,,,1,1,,,,,,,,,,,,,,,,,,,1
data_individual/data_giaoduc/gd0019.txt,"hiệu trưởng Trường PTTH Giồng Ông Tố, Tp.HCM
","145
",,,,,,,,,,,,,,,,,,,,,,,,,,,,,,,,,,,,,,,,,,,,,,,,,,,,
data_individual/data_giaoduc/gd0064.txt,"giảng viên Đại học NTT
","457
",,,,,,,,,,,1,,,,,,,,,,,,,,,,,,,,,,,,,,,,,,,,,,,,,,,,,1
data_individual/data_giaoduc/gd0028.txt,"cán bộ quản lý giáo dục, Sở GD-ĐT Bình Định
","145
",,,,,,,,,,,1,,,,,,,,,,,,,,,,,,,,,,,,,,,,,,,,,,,,,,,,,1
data_individual/data_giaoduc/gd0041.txt,"cán bộ quản lý giáo dục
","168
",,,,,,,,,,,1,1,1,,,1,,,,,,1,,,,,,,,,,,,1,,,,,,,,,,,,,,,,,,1
data_individual/data_giaoduc/gd0048.txt,"hiệu trưởng Trường phổ thông cơ sở, Tp.HCM
","168
",,,,,,,,,,,1,,,,,,,,,,,1,,,,,,,,,,,,1,,,,,,,,,,,,,,,,,,1
data_individual/data_giaoduc/gd0043.txt,"cán bộ quản lý giáo dục
","168
",,,,,,,,,,,1,,,,,,,,,,,,,,,,,,,,,,,,,,,,,,,,,,,,,,,,,1
data_individual/data_giaoduc/gd0046.txt,"cán bộ quản lý giáo dục, Sở giáo dục và đào tạo Tp.HCM
","168
",,,,,,,1,1,,,1,,,,,,,,,,,,,,,,,,,,,,,,,,,,,,,,,,,,,,,,,1
data_individual/data_giaoduc/gd0018.txt,"hiệu trưởng Trường BTVH Đà Lạt, tỉnh Lâm Đồng
","145
",,,,,,,,,,,1,,,,,,,,1,1,,,,,,,,1,,,,,,,,,,,,,,,,,,,,,,,,1
data_individual/data_giaoduc/gd0024.txt,"cán bộ quản lý giáo dục, phòng GDĐT Q11, Tp. HCM
","145
",,,,,,,1,1,,,1,1,,,,,,,,1,1,1,,,,1,,,,,,,1,,,,,,,,,,,,,,,,,,,1
data_individual/data_giaoduc/gd0023.txt,"hiệu trưởng, Trường THPT chuyên, Tây Ninh
","145
",,,,,,,,,,,,,,,,,,,,,,,,,,,,,,,,,,,,,,,,,,,,,,,,,,,,
data_individual/data_giaoduc/gd0054.txt,"giảng viên Trường cao đẳng sư phạm mẫu giáo Trung ương 3
","223
",,,,,,,,,,,1,,,,,,,,,1,1,,,,,,,,,,1,,,1,,1,,,,,,,,,,,,,,,,1
data_individual/data_giaoduc/gd0038.txt,"hiệu trưởng Trường tiểu học Bạch Đằng, Q4, Tp.HCM
","168
",,,,,,,,,,,1,,,,,,,,,,,,,,,,,,,,,,,,,,,,,,,,,,,,,,,,,1
data_individual/data_giaoduc/gd0060.txt,"giảng viên đại học
","410
",,,,,,,,,,1,1,,,,,,,,,,,,,,,,,,,,,,,,,,,,,,,,,,,,,,,,,1
data_individual/data_giaoduc/gd0032.txt,"giáo viên ngoại ngữ
","150
",,,,,,,,,,,,,,,,,,,,,,,,,,,,,,,,,,,,,,,,,,,,,,,,,,,,
data_individual/data_giaoduc/gd0002.txt,"giảng viên triết học, Đại học tổng hợp Hà Nội
","13
",,,,,,,,,,,1,,,,,1,,,,,,,,,,,,,,,,,,,,,,,,,,,,,,,,,,,,1
data_individual/data_giaoduc/gd0063.txt,"giảng viên Đại học Nguyễn Tất Thành
","457
",,,,,,,1,1,,,1,,,,,,,,,,,,,,,,,,,,,,,,,,,,,,,,,,,,,,,,,1
data_individual/data_giaoduc/gd0049.txt,"hiệu trưởng Trường mẫu giáo Hoàng Yến, Quận 9, Tp.HCM
","168
",,,,,,,,,,,1,,,,,1,,,,,,1,,,,,,,,,,,,,,,,,,,,,,,,,,,,,,1
data_individual/data_giaoduc/gd0022.txt,"cán bộ quản lý giáo dục, Trường PTTH Nguyễn Du, Tp.HCM
","145
",,,,,,,,,,,1,,,,,,,,,1,1,1,,,,1,,,,,,,,,,,,,,,,,,,,,,,,,,1
data_individual/data_giaoduc/gd0065.txt,"thạc sĩ, giảng viên Trường đại học khoa học xã hội và nhân văn, ĐHQG, Tp.HCM
","464
",,,,,,,,,,,1,,,,,,,,,,,,,,,,,,,,,,,,,,,,,,,,,,,,,,,,,1
data_individual/data_giaoduc/gd0042.txt,"hiệu phó Trường phổ thông trung học, tỉnh Bình Dương
","168
",,1,1,,1,,,1,,,1,,,,,,,,,,,,,,,,,,,,,,,,,,,,,,,,,,,,,,,,,1
data_individual/data_giaoduc/gd0017.txt,"cán bộ quản lý giáo dục, Phòng GD-ĐT Phú Nhuận, Tp.HCM
","145
",,,,,,,,,,,1,,,,,1,,,,,,,,,,,,,,,,,,,,,,,,,,,,,,,,,,,,1
data_individual/data_giaoduc/gd0040.txt,"cán bộ quản lý giáo dục, Trường THPT Bình Phú, Quận 6, Tp.HCM
","168
",,1,1,1,1,,1,1,,,1,,,,,,,,,,,,,,,,,,,,,,,,,,,,,,,,,,,,,,,,,1
data_individual/data_giaoduc/gd0006.txt,"giáo viên phổ thông trung học
","83
",,,,,,,1,1,,,1,,,,,,,,,,,,,,,,,,,,,,,,,,,,,,,,,,,,,,,,,1
data_individual/data_giaoduc/gd0062.txt,"giảng viên Đại học Nguyễn Tất Thành
","457
",,,,,,,,,,,,,,,,,,,,,,,,,,,,,,,,,,,,,,,,,,,,,,,,,,,,
data_individual/data_giaoduc/gd0055.txt,"giáo viên sử
","269
",,,,,,,,,,,,,,,,,,,,,,,,,,,,,,,,,,,,,,,,,,,,,,,,,,,,
data_individual/data_giaoduc/gd0029.txt,"cán bộ quản lý giáo dục, Sở GD-ĐT tỉnh Tiền Giang
","145
",,,,,,,,,,,1,,,,,,,,,,,,,,,,,,,,,,,,,,,,,,,,,,,,,,,,,1
data_individual/data_giaoduc/gd0057.txt,"giảng viên đại học chuyên ngành thiết kế cơ khí
","371
",,,,,,,,,,,,,,,,,,,,,,,,,,,,,,,,,,,,,,,,,,,,,,,,,,,,
data_individual/data_giaoduc/gd0000.txt,"VII.3.7. THU HOẠCH CỦA CÁC THẦY, CÔ GIÁO, CÁC CÁN BỘ QUẢN LÝ
","VII.3.7. THU HOẠCH CỦA CÁC THẦY, CÔ GIÁO, CÁC CÁN BỘ QUẢN LÝ
",,,,,,,,,,,,,,,,,,,,,,,,,,,,,,,,,,,,,,,,,,,,,,,,,,,,
data_individual/data_giaoduc/gd0058.txt,"giảng viên ĐH Hoa Sen
","390
",,,,,,,,,,,,,,,,,,,,,,,,,,,,,,,,,,,,,,,,,,,,,,,,,,,,
data_individual/data_giaoduc/gd0068.txt,"thạc sĩ, giảng viên Trường đại học khoa học xã hội và nhân văn, ĐHQG Tp.HCM
","464
",,,,,,,,,,,,,,,,,,,,,,,,,,,,,,,,,,,,,,,,,,,,,,,,,,,,
data_individual/data_giaoduc/gd0047.txt,"cán bộ quản lý giáo dục, Trường THCS Khánh Hội A, Quận 4, Tp.HCM
","168
",,,,,,,1,1,,,1,,,,,,,,,,,,,,,,,,,,,,,,,,,,,,,,,,,,,,,,,1
data_individual/data_giaoduc/gd0010.txt,"cán bộ quản lý giáo dục
","145
",,,,,,,1,1,,,1,1,,1,,1,1,,1,1,,,,,,1,,,,,,,,,,,,,,,,,,,,,,,,,,1
data_individual/data_giaoduc/gd0034.txt,"cán bộ quản lý giáo dục, Sở GDĐT TPHCM
","168
",,,,,,,,,,,,,,,,,,1,,,,,,,,,,,,,,,,,,,,,,,,,,,,,,,,,,1
data_individual/data_giaoduc/gd0031.txt,"cán bộ quản lý giáo dục, Sở GD-ĐT Cà Mau
","145
",,,1,,,,1,1,,,1,,,,,,,,,,,,,,,,,,,,,,,,,,,,,,,,,,,,,,,,,1
data_individual/data_giaoduc/gd0008.txt,"cán bộ quản lý, Sở GD-ĐT Tiền Giang
","145
",,,,,,,,,,,1,,,,,,,,,,,,,,,,,,,,,,,,,,,,,,,,,,,,,,,,,1
data_individual/data_giaoduc/gd0053.txt,"giảng viên đại học
","210
",,,,,,,,,,,1,,,,,1,1,,,,,1,,1,,1,,1,,,,,,,,,,,,,,,,,,,,,,,,1
data_individual/data_giaoduc/gd0012.txt,"cán bộ quản lý giáo dục, Sở giáo dục và đào tạo tỉnh Lâm Đồng
","145
",,,,,,,,,,,1,,,,,,,,,,,,,,,,,,,,,,,,,,,,,,,,,,,,,,,,,1
data_individual/data_giaoduc/gd0020.txt,"thanh tra Sở GDĐT Tp.HCM
","145
",,,,,,,1,1,,,1,,,,,,,1,,,,1,,,,,,,,,1,,,,,,,,,,,,,,,,,,,,,1
data_individual/data_giaoduc/gd0026.txt,"cán bộ quản lý giáo dục, Sở giáo dục và đào tạo tỉnh Quảng Nam
","145
",,1,1,,,,,1,,,1,,,,,,,,,,,,,,,,,,,,,,,,,,,,,,,,,,,,,,,,,1
data_individual/data_giaoduc/gd0056.txt,"giảng viên
","335
",,,,,,,,,,,1,,,,,1,,,,,1,1,,,,1,,,,,1,,,,,,,,,,,,,,,,,,,,,1
data_individual/data_giaoduc/gd0027.txt,"cán bộ quản lý giáo dục, Sở giáo dục và đào tạo tỉnh Cà Mau
","145
",,,,,,,1,1,,,1,,,,,1,,,,,,,,,,,,,,,,,,,,,,,,,,,,,,,,,,,,1
data_individual/data_giaoduc/gd0003.txt,"giảng viên Trường trung học thể dục thể thao
","20
",,,1,,,,,1,,,,,,,,,,,,,,,,,,,,,,,,,,,,,,,,,,,,,,,,,,,,
data_individual/data_giaoduc/gd0039.txt,"cán bộ quản lý giáo dục
","168
",,,,,,,,,,,1,,,,,,,,,,,,,,,,,,,,,,,,,,,,,,,,,,,,,,,,,1
data_individual/data_giaoduc/gd0061.txt,"giảng viên Đại học Nguyễn Tất Thành
","457
",,,,,,,,,,,1,,,,,,,,,,1,1,,,,,1,,,,,,,,,1,,,,,,,,,,,,,,,,1
data_individual/data_giaoduc/gd0009.txt,"phó trưởng phòng THPT, Sở giáo dục và đào tạo tỉnh Đắc Lắc
","145
",,,,1,,,,1,,,1,1,1,1,,,,,,,,,,,,,,,,,,,,,,,,,,,,,,,,,,,,,,1
data_individual/data_giaoduc/gd0045.txt,"cán bộ quản lý giáo dục
","168
",,,,,,,1,1,,,1,,,,,1,,,,,,,,,,,,,,,,,,,,,,,,,,,,,,,,,,,,1
data_individual/data_giaoduc/gd0059.txt,"giáo viên
","400
",,,,,,,1,1,,,,,,,,,,,,,,,,,,,,,,,,,,,,,,,,,,,,,,,,,,,,
data_individual/data_giaoduc/gd0069.txt,"thạc sĩ, giảng viên Trường đại học khoa học xã hội và nhân văn, ĐHQG Tp.HCM
","464
",,,,,,,,,,,1,,,,,,,,,,,,,,,,,,,,,,,,,,,,,,,,,,,,,,,,,1
data_individual/data_giaoduc/gd0066.txt,"thạc sĩ, giảng viên Trường đại học khoa học xã hội và nhân văn, ĐHQG Tp.HCM
","464
",,,,,,,,,,,,,,,,1,,,,,,,,,,,,,,,,,,,,,,,,,,,,,,,,,,,,1
data_individual/data_giaoduc/gd0016.txt,"cán bộ quản lý giáo dục, Sở giáo dục và đào tạo Tp.HCM
","145
",,,,,,,,,,,1,,,,,,,,,,,,,,,,,,,,,,,,,,,,,,,,,,,,,,,,,1
data_individual/data_giaoduc/gd0067.txt,"tiến sĩ, giảng viên Trường đại học khoa học xã hội và nhân văn, ĐHQG Tp.HCM
","464
",,,,,,,,,,,1,,,,,,,,,,,,,,,,,,,,,,,,,,,,,,,,,,,,,,,,,1
data_individual/data_giaoduc/gd0051.txt,"giáo viên
","187
",,,,,,,,,,,,,,,,,,,,,,,,,,,,,,,,,,,,,,,,,,,,,,,,,,,,
data_individual/data_giaoduc/gd0050.txt,"cán bộ quản lý giáo dục quận 5, Tp. HCM
","168
",,,,,,,,,,,,,,,,,,,,,,,,,,,,,,,,,,,,,,,,,,,,,,,,,,,,
data_individual/data_giaoduc/gd0015.txt,"cán bộ quản lý giáo dục, Sở giáo dục và đào tạo tỉnh Lâm Đồng
","145
",,,,,,,1,1,,,1,1,1,,,1,,,,1,,1,,,,1,,1,,1,,,1,1,,,,,,,,,,,,,,,,,,1
data_individual/data_giaoduc/gd0005.txt,"giáo viên cấp 3
","49
",,,,,,,,,,,1,,,,,1,,,,1,,,,,,,,,,,,,,,,,,,,,,,,,,,,,,,,1
data_individual/data_giaoduc/gd0021.txt,"cán bộ quản lý giáo dục, Sở giáo dục và đào tạo tỉnh Cà Mau
","145
",,,,,,,1,1,,,1,,,,,,,,,,,1,,,,,,,,,,,,,,,,,,,,,,,,,,,,,,1
data_individual/data_giaoduc/gd0030.txt,"cán bộ quản lý giáo dục, Trung học sư phạm mầm non Tp.HCM
","145
",,1,1,,,,,1,,,,,,,,,,,,,,,,,,,,,,,1,,,,,,,,,,,,,,,,,,,,,1
data_individual/data_giaoduc/gd0036.txt,"cán bộ quản lý giáo dục, Trường THPT Phan Đăng Lưu, Tp.HCM
","168
",,,,,,,1,1,,,1,,,,,,,,,,,,,,,,,,,,,,,,,,,,,,,,,,,,,,,,,1
data_individual/data_giaoduc/gd0001.txt,"cán bộ giảng dạy, Đại học y, dược Tp. Hồ Chí Minh
","12
",,,1,1,,,1,1,,,1,,,,,1,,,,,,,,,,,,,,,,,,,,,,,,,,,,,,,,,,,,1
data_individual/data_giaoduc/gd0025.txt,"cán bộ quản lý giáo dục, Trường PTTH bán công Nguyễn Thái Bình, Tp.HCM
","145
",,,,,,,,,,,1,,,,,,,,,,,,,,,,,,,,,,,,,,,,,,,,,,,,,,,,,1
data_individual/data_giaoduc/gd0007.txt,"cán bộ quản lý Sở giáo dục và đào tạo tỉnh Bình Dương
","145
",,1,1,1,1,1,1,1,,,1,1,,,,,,,,,,,,1,,,,,,,,,,,,,,,,,,,,,,,,,,,,1
data_individual/data_giaoduc/gd0035.txt,"hiệu trưởng Trường mầm non Hiệp Phú, Quận 9, Tp.HCM
","168
",,,,,,,,,,,,,,,,1,,,,,,,,,,,,,,,,,,,,,,,,,,,,,,,,,,,,1
data_individual/data_giaoduc/gd0052.txt,"trợ giảng ở Đại học
","199
",,,,,,,,,,,1,,,,,,,,,,,,,,,,,,,,,,,,,,,,,,,,,,,,,,,,,1
data_individual/data_giaoduc/gd0013.txt,"cán bộ quản lý giáo dục, Sở giáo dục và đào tạo tỉnh Bình Định
","145
",,,,,,,,,,,1,,,,,,,,,,,1,,,,,,,,,1,,,,,,,,,,,,,,,,,,,,,1
data_individual/data_giaoduc/gd0044.txt,"giảng viên, Trường cán bộ quản lý giáo dục Tp.HCM
","168
",,,,,,,,,,,1,1,,,,1,1,1,,,1,1,,,,,,,,,1,,,,,,,,,,,,,,,,,,,,,1
data_individual/data_giaoduc/gd0070.txt,"tiến sĩ, giảng viên, Trường đại học khoa học xã hội và nhân văn, ĐHQG Tp.HCM
","464
",,,,,,,1,1,,,1,,,,,,,,,,,,,,,,,,,,,,,,,1,,,,,,,,,,,,,,,,1
data_individual/data_giaoduc/gd0011.txt,"cán bộ quản lý giáo dục, Sở giáo dục và đào tạo tỉnh Tiền Giang
","145
",,,,,,,1,1,,,1,1,,,,1,,,,1,1,1,,,,1,,,,1,,,1,,,,,,,,,,,,,,,,,,,1
data_individual/data_giaoduc/gd0004.txt,"kỹ sư, cán bộ giảng dạy
","45
",,,,,,,,,,,,,,,,,,,,1,,,,,,,,,,,,,,,,,,,,,,,,,,,,,,,,1
data_individual/data_nhanuoc/nn0010.txt,"nghiên cứu viên, Viện nghiên cứu chiến lược và chính sách khoa học và công nghệ, Bộ khoa học, công nghệ và môi trường
","126
",,,,,,,,,,,,,,,,,,,,,,1,,,,,,,,,,,,,,,,,,,,,,,,,,,,,,1
data_individual/data_nhanuoc/nn0021.txt,"Đài truyền hình TP.HCM
","209
",,,,,,,,,,,,,,,,,,,,,,,,,,,,,,,,,,,,,,,,,,,,,,,,,,,,
data_individual/data_nhanuoc/nn0000.txt,"VII.3.5. THU HOẠCH CỦA CÁC NHÂN VIÊN, CÁN BỘ QUẢN LÝ LÀM VIỆC
","VII.3.5. THU HOẠCH CỦA CÁC NHÂN VIÊN, CÁN BỘ QUẢN LÝ LÀM VIỆC
",,,,,,,,,,,,,,,,,,,,,,,,,,,,,,,,,,,,,,,,,,,,,,,,,,,,
data_individual/data_nhanuoc/nn0006.txt,"nghiên cứu viên cao cấp, Bộ khoa học, công nghệ và môi trường
","126
",,,,,,,,,,,1,,,,,,,,,,,,,,,,,,,,,,,,,,,,,,,,,,,,,,,,,1
data_individual/data_nhanuoc/nn0020.txt,"kỹ sư viễn thông, Trung tâm viễn thông quốc tế khu vực II
","156
",,,,,,,,,,,1,,,,,,,,,,,,,,,,,,,,,,,,,,,,,,,,,,,,,,,,,1
data_individual/data_nhanuoc/nn0009.txt,"cán bộ nghiên cứu, Ban nghiên cứu phát triển, Viện nghiên cứu chiến lược và chính sách khoa học, công nghệ, Bộ khoa học, công nghệ và môi trường
","126
",,,,,,,,,,,,,,,,,,,,,,,,,,,,,,,,,,,,,,,,,,,,,,,,,,,,
data_individual/data_nhanuoc/nn0007.txt,"chuyên viên, Bộ khoa học, công nghệ và môi trường
","126
",,,,1,,,,1,,,1,,,,,,,,,,,,,1,,,,,,,,,,,,,,,,,,,,,,,,,,,,1
data_individual/data_nhanuoc/nn0012.txt,"phó chánh văn phòng, Văn phòng Hội đồng đánh giá trữ lượng khoáng sản, Bộ khoa học, công nghệ và môi trường
","126
",,,,,,,,,,,,,,,,,,,,,,,,,,,,,,,,,,,,,,,,,,,,,,,,,,,,
data_individual/data_nhanuoc/nn0022.txt,"cử nhân
","244
",,,,,,,,,,,,,,,,,,,,,,,,,,,,,,,,,,,,,,,,,,,,,,,,,,,,
data_individual/data_nhanuoc/nn0011.txt,"trưởng phòng hợp tác quốc tế, Trung tâm thông tin quốc gia, Bộ khoa học, công nghệ và môi trường
","126
",,,,,1,,,1,,,1,,,,,,,,,,,,,,,,,,,,,,,,,,,,,,,,,,,,,,,,,1
data_individual/data_nhanuoc/nn0019.txt,"Sở KH CN&MT tỉnh Bình Dương
","162
",,,,,,,1,1,,,1,,,,,,,,,,,,,,,,,,,,,,,,,,,,,,,,,,,,,,,,,1
data_individual/data_nhanuoc/nn0023.txt,"nghiên cứu viên
","296
",,,,,,,,,,,,,,,,,,,,,,,,,,,,,,,,,,,,,,,,,,,,,,,,,,,,
data_individual/data_nhanuoc/nn0003.txt,"cán bộ phòng tổ chức, tiền lương huyện Xuân Lộc, Đồng Nai
","60
",,,,,,,,,,,1,,,,,,,,,,,,,,,,,,,,,,,,,,,,,,,,,,,,,,,,,1
data_individual/data_nhanuoc/nn0001.txt,"kỹ sư, Phòng kỹ thuật, Nhà máy sửa chữa máy bay A41, Binh chủng phòng không, không quân
","37
",,,,,,,,,,,1,,,,,,,,,,,,,,,,,,,,,,,,,,,,,,,,,,,,,,,,,1
data_individual/data_nhanuoc/nn0004.txt,"kiểm sát viên
","95
",,,,,,,,,,,1,,,,,1,,,,1,,,,,,,,,,,,,,,,,,,,,,,,,,,,,,,,1
data_individual/data_nhanuoc/nn0005.txt,"cán bộ Trường Nghiệp vụ Quản lý, Bộ khoa học, công nghệ và môi trường
","126
",,,,,,,,,,,1,,,,,,,,,,,,,,,,,,,,,,,,,,,,,,,,,,,,,,,,,1
data_individual/data_nhanuoc/nn0014.txt,"Sở KH CN&MT Sóc Trăng
","162
",,,,,,,,,,,,,,,,,,,,,,,,,,,,,,,,,,,,,,,,,,,,,,,,,,,,
data_individual/data_nhanuoc/nn0017.txt,"Sở KH CN&MT Vĩnh Long
","162
",,,,,,,1,1,,,1,,,,,,,,,,,,,,,,,,,,,,,,,,,,,,,,,,,,,,,,,1
data_individual/data_nhanuoc/nn0013.txt,"tiến sỹ, trưởng phòng xử lý tài liệu, Trung tâm thông tin quốc gia, Bộ khoa học, công nghệ và môi trường
","126
",,,,,,,,,,,,,,,,,,,,,,,,,,,,,,,,,,,,,,,,,,,,,,,,,,,,
data_individual/data_nhanuoc/nn0002.txt,"kỹ sư máy bay, Trưởng phòng kỹ thuật, Nhà máy sửa chữa máy bay A41, Binh chủng phòng không, không quân
","37
",,,,,,,1,1,,,1,,,,,,,,,,,,,,,,,,,,,,,,,,,,,,,,,,,,,,,,,1
data_individual/data_nhanuoc/nn0018.txt,"giám đốc, Trung tâm CNTT và tư liệu tỉnh Quảng Nam
","162
",,,,,,,,,,,,,,,,,,,,1,,,,,,,,,,,1,,,,,,,,,,,,,,,,,,,,,1
data_individual/data_nhanuoc/nn0016.txt,"Sở KH CN&MT TP.HCM
","162
",,,,,,,1,1,,,1,,,,,1,,,,1,,1,,,,,,,,,1,,,,,1,,1,,,,,,,,,,,,,,1
data_individual/data_nhanuoc/nn0008.txt,"nay là Chánh thanh tra Bộ khoa học và công nghệ)
","126
",,,,,,,,,,,1,,,,,,,,,,,,,,,,,,,,,,,,,,,,,,,,,,,,,,,,,1
data_individual/data_nhanuoc/nn0015.txt,"Sở KH CN&MT Quảng Ngãi
","162
",,,,,,,,,,,,,,,,1,,,,,,,,,,,,,,,,,,1,,,,,,,,,,,,,,,,,,1
data_individual/data_lydo/ld0019.txt,"sinh viên
","79
",,,,,,,,,,,1,,,,,,,,,,,,,,,,,,,,,,,,,,,,,,,,,,,,,,,,,1
data_individual/data_lydo/ld0048.txt,"tự do
","333
",,,,,,,,,,,,,,,,,,,,,,,,,,,,,,,,,,,,,,,,,,,,,,,,,,,,
data_individual/data_lydo/ld0015.txt,"sinh viên
","68
",,,,,1,,1,1,,,,,,,,,,,,,,,,,,,,,,,,,,,,,,,,,,,,,,,,,,,,
data_individual/data_lydo/ld0005.txt,"kỹ sư hóa
","326
",,,,,,,,,,,,,,,,,,,,,,,,,,,,,,,,,,,,,,,,,,,,,,,,,,,,
data_individual/data_lydo/ld0023.txt,"sinh viên
","101
",,,,,,,,,,,1,,,,,,1,,,,,,,1,,,,,,,,,1,,,,,,,,,,1,,,,,,,,,1
data_individual/data_lydo/ld0051.txt,"cử nhân
","363
",,,,,,,,,,,,,,,,,,,,,,,,,,,,,,,,,,,,,,,,,,,,,,,,,,,,
data_individual/data_lydo/ld0045.txt,"cử nhân công nghệ hóa học
","317
",,,,,,,,,,,,,,,,,,,,,,,,,,,,,,,,,,,,,,,,,,,,,,,,,,,,
data_individual/data_lydo/ld0032.txt,"kỹ sư thiết kế
","150
",,,,,,,,,,,,,,,,,,,,,,,,,,,,,,,1,,,,,,,,,,,,,,,,,,,,,1
data_individual/data_lydo/ld0007.txt,"giảng viên piano, Học viện âm nhạc Tp. Hồ Chí Minh
","197
",,,,,,,,,,,,,,,,,,,,,,,,,,,,,,,,,,,,,,,,,,,,,,,,,,,,
data_individual/data_lydo/ld0004.txt,"cán bộ công ty LG Vina
","217
",,,,,,,,,,,1,,,,,,,,,,,,,,,,,,,,,,,,,,,,,,,,,,,,,,,,,1
data_individual/data_lydo/ld0003.txt,"bác sĩ, Bệnh viện điều dưỡng phục hồi chức năng Bưu Điện II
","262
",,,,,,,,,,,,,,,,,,,,,,,,,,,,,,,,,,,,,,,,,,,,,,,,,,,,
data_individual/data_lydo/ld0017.txt,"kỹ sư kinh tế
","75
",,,,,,,,,,,,,,,,,,,,,,,,,,,,,,,,,,,,,,,,,,,,,,,,,,,,
data_individual/data_lydo/ld0014.txt,"kỹ sư điện
","35
",,,,,,,1,1,,,1,,,,,,,,,,,,,,,,,,,,,,,,,,,,,,,,,,,,,,,,,1
data_individual/data_lydo/ld0026.txt,"nghiên cứu viên, Viện nghiên cứu chiến lược và chính sách khoa học, công nghệ, Bộ khoa học, công nghệ và môi trường
","126
",,,,,,,,,,,1,,,,,,,,,,,,,,,,,,,,,,,,,,,,,,,,,,,,,,,,,1
data_individual/data_lydo/ld0049.txt,"nhân viên ngân hàng
","344
",,,,,,,1,1,,1,1,1,,,,,,,,1,1,1,,,,1,,1,,1,,1,1,,,,,,,,,,1,,,,,,,,,1
data_individual/data_lydo/ld0011.txt,"tốt nghiệp đại học
","19
",,,,,,,,,,,1,,,,,,1,,,,1,,,,,,,,,,,,,,,,,,,,,,,,,,,,,,,1
data_individual/data_lydo/ld0040.txt,"kỹ sư xây dựng
","263
",,,,,,,,,,,1,,,,,,,,,,,,,,,,,,,,,,,,,,,,,,,,,,,,,,,,,1
data_individual/data_lydo/ld0050.txt,"giáo viên
","351
",,,,,,,,,,,1,,1,,,1,,,,,,,,,,,,,,,,,,,,,,,,,,,,,,,,,,,,1
data_individual/data_lydo/ld0038.txt,"sinh viên
","212
",,,,,,,,,,,1,,,,,,,,,,,,,,,,,,,,,,,,,,,,,,,,,,,,,,,,,1
data_individual/data_lydo/ld0021.txt,"sinh viên Đại học kinh tế
","100
",,,,,,,,,,,,,,,,,,,,,,,,,,,,,,,,,,,,,,,,,,,,,,,,,,,,
data_individual/data_lydo/ld0018.txt,"sinh viên Đại học kinh tế
","77
",,,,,,,,,,,1,,1,1,,1,1,,,,1,,,,,,,,,,,,,,,,,,,,,,,,,,,,,,,1
data_individual/data_lydo/ld0043.txt,"chuyên viên marketing
","300
",,,,,,,,,,,1,,,,,,,,,,,,,,,,,,,,,,,,,,,,,,,,,,,,,,,,,1
data_individual/data_lydo/ld0054.txt,"cử nhân
","367
",,,,,,,,,,,,,,,,,,,,,,,,,,,,,,,,,,,,,,,,,,,,,,,,,,,,
data_individual/data_lydo/ld0037.txt,"giảng viên Đại học an ninh
","204
",,,,,,,1,1,,,1,,,,,,1,,,,,,,,,,,,,,,,,,,,,,,,,,,,,,,,,,,1
data_individual/data_lydo/ld0022.txt,"sinh viên
","101
",,,,,1,,,1,,,1,,,,,,,,,,,,,1,,,,,,,,,,,,,,,,,,,,,,,,,,,,1
data_individual/data_lydo/ld0031.txt,"chuyên viên bảo hiểm
","150
",,,,,,,,,,,1,,,,,,,,,,,,,,,,,,,,,,,,,,,,,,,,,,,,,,,,,1
data_individual/data_lydo/ld0041.txt,"nhân viên Hãng hàng không quốc gia Việt Nam
","281
",,,,,,,,,,,1,,,,,1,,1,,,,1,,,,,,,,,1,,,,,,,,,,,,,,,,,,,,,1
data_individual/data_lydo/ld0016.txt,"kỹ sư
","70
",,,,,,,,,,,,,,,,,,,,,,,,,,1,,,,,,,,,,,,,,,,,,,,,,,,,,1
data_individual/data_lydo/ld0036.txt,"bác sỹ, phó khoa ngoại, Bệnh viện đa khoa trung tâm Tiền Giang
","200
",,,,,,,,,,,,,,,,,,,,,,,,,,,,,,,,,,,,,,,,,,,,,,,,,,,,
data_individual/data_lydo/ld0027.txt,"học sinh
","127
",,,,,,,,,,,,,,,,,,,,,,,,,,1,,,,,,,,,,,,,,,,,,,,,,,,,,1
data_individual/data_lydo/ld0025.txt,"sinh viên
","125
",,,,,,,,,,,,,,,,,,,,,,,,,,,,,,,,,,,,,,,,,,,,,,,,,,,,
data_individual/data_lydo/ld0061.txt,"giám đốc bán lẻ, Công ty vàng bạc đá quý Phú Nhuận – PNJ
","475
",,,,,,,,,,,1,,,,,,,,,,,,,,,,,,,,,,,,,,,,,,,,,,,,,,,,,1
data_individual/data_lydo/ld0044.txt,"kiến trúc sư
","312
",,1,1,,,,,1,,,,,,,,1,,,,,,,,,,,,,,,,,,,,,,,,,,,,,,,,,,,,1
data_individual/data_lydo/ld0020.txt,"kỹ sư
","96
",,,,,,,,,,,1,1,,,,1,,,,,,,,,,,1,,,,,,,,,,,,,,,,,,,,,,,,,1
data_individual/data_lydo/ld0013.txt,"giáo viên
","29
",,,,,,,,,,,1,,,,,,,,,,,,,,,,,,,,,,1,,,,,,,,,,,,,,,,,,,1
data_individual/data_lydo/ld0006.txt,"doanh nhân
","265
",,,,,,,,,,,,,,,,,,,,,,,,,,,,,,,,,,,,,,,,,,,,,,,,,,,,
data_individual/data_lydo/ld0059.txt,"thạc sỹ, giảng viên Trường đại học khoa học xã hội và nhân văn, Đại học quốc gia Tp. Hồ Chí Minh
","464
",,,,,,,,,,,1,,,,,,,,,,,,,,,,,,,,,,,,,,,,,,,,,,,,,,,,,1
data_individual/data_lydo/ld0056.txt,"nhân viên công ty
","447
",,,,,,,,,,,,,,,,,,,,,,,,,,,,,,,,,,,,,,,,,,,,,,,,,,,,
data_individual/data_lydo/ld0062.txt,"sinh viên
","481
",,,,,,,,,,,1,,,,,,,,,,,,,,,,,,,,,,,,,,,,,,,,,,,,,,,,,1
data_individual/data_lydo/ld0057.txt,"cán bộ huấn luyện công ty
","451
",,,,,,,,,,,,,,,,,,,,,,,,,,1,,,,,,,,,,,,,,,,,,,,,,,,,,1
data_individual/data_lydo/ld0008.txt,"thư ký tổng giám đốc
","63
",,,,,,,,,,,1,,1,,,1,,,,,,,,,,,,,,,,,,,,,,,,,,,,,,,,,,,,1
data_individual/data_lydo/ld0060.txt,"chuyên viên huấn luyện, Tập đoàn tài chính Home Credit
","469
",,,,,,,,,,,,,,,,,,,,,,,,,,,,,,,,,,,,,,,,,,,,,,,,,,,,
data_individual/data_lydo/ld0034.txt,"sinh viên tin học
","192
",,1,1,1,1,1,1,1,,,1,1,1,,,1,,,,,1,,,,,,,,,,1,,,1,,,,,,,,,,,,,,,,,,1
data_individual/data_lydo/ld0058.txt,"giảng viên
","452
",,,,,,,,,,,,,,,,,,,,,,,,,,,,,,,,,,,,,,,,,,,,,,,,,,,,
data_individual/data_lydo/ld0039.txt,"cử nhân luật
","258
",,,,,1,,1,1,,,1,1,1,,,,,,,,,,,,,,,,,,,,,,,,,,,,,,,,,,,,,,,1
data_individual/data_lydo/ld0053.txt,"kỹ sư công nghệ thông tin
","367
",,,,,,,,,,,,,,,,,,,,,,,,,,,,,,,,,,,,,,,,,,,,,,,,,,,,
data_individual/data_lydo/ld0028.txt,"quảng cáo
","128
",,,,,,,,,,,,,,,,,,,,,,,,,,,,,,,,,,,,,,,,,,,,,,,,,,,,
data_individual/data_lydo/ld0000.txt,"VII.3.1. VỀ CÁC LÝ DO THAM GIA LỚP HỌC “PHƯƠNG PHÁP LUẬN SÁNG
","VII.3.1. VỀ CÁC LÝ DO THAM GIA LỚP HỌC “PHƯƠNG PHÁP LUẬN SÁNG
",,,,,,,,,,,,,,,,,,,,,,,,,,,,,,,,,,,,,,,,,,,,,,,,,,,,
data_individual/data_lydo/ld0009.txt,"cử nhân, trợ lý giám đốc, công ty Samsung Việt Nam
","46
",,,,,,,,,,,1,,,,,,,,,,,,,,,,,,,,,,,,,,,,,,,,,,,,,,,,,1
data_individual/data_lydo/ld0046.txt,"cử nhân
","321
",,,,,,,1,1,,,,,,,,,,,,,,,,,,,,,,,,,,,,,,,,,,,,,,,,,,,,
data_individual/data_lydo/ld0024.txt,"sinh viên
","112
",,,,,,,,,,,1,,,,,,,,,,,,,,,,,,,,,,,,,,,,,,,,,,,,,,,,,1
data_individual/data_lydo/ld0042.txt,"cử nhân
","300
",,,,,,,1,1,,,,,,,,,,,,,,,,,,,,,,,,,,,,,,,,,,,,,,,,,,,,
data_individual/data_lydo/ld0055.txt,"sinh viên Học viện hành chính quốc gia
","446
",,,,,,,,,,,,,,,,,,,,,,,,,,,,,,,,,,,,,,,,,,,,,,,,,,,,
data_individual/data_lydo/ld0052.txt,"cử nhân
","363
",,,,,,,,,,,,,,,,1,,,,,,,,,,,,,,,,,,,,,,,,,,,,,,,,,,,,1
data_individual/data_lydo/ld0029.txt,"kế toán, công ty Unilever
","137
",,,,,,,,,,,,,,,,,,,,,,,,,,,,,,,,,,,,,,,,,,,,,,,,,,,,
data_individual/data_lydo/ld0002.txt,"sinh viên
","200
",,,,,,,,,,,,,,,,,,,,,,,,,,,,,,,,,,,,,,,,,,,,,,,,,,,,
data_individual/data_lydo/ld0047.txt,"bác sĩ nha khoa, cử nhân quản trị kinh doanh
","333
",,,,,,,,,,,,,,,,,,,,,,,,,,,,,,,,,,,,1,,,,,,,,,,,,,,,,1
data_individual/data_lydo/ld0035.txt,"tốt nghiệp đại học
","197
",,,,,,,,,,,1,,,,,,,,,,,,,,1,,,,,,,,,,,,,,,,,,,,,,,,,,,1
data_individual/data_lydo/ld0012.txt,"sinh viên
","20
",,,,,,,,,,,1,1,,,,,,,,,,1,,,,,,,,,,,,,,,,,,,,,,1,,,,,,,,1
data_individual/data_lydo/ld0033.txt,"sinh viên
","150
",,,,,,,,,,,1,,,,,,,,,,1,1,,,,,,,,,,,,,,,,,,,,,,,,,,,,,,1
data_individual/data_lydo/ld0010.txt,"giảng viên tâm lý học, Đại học tuyên giáo Hà Nội, học viên lớp cao học quản lý khoa học thuộc Bộ khoa học, công nghệ và môi trường
","13
",,,,,,,1,1,,,,,,,,,,,,,,,,,,,,,,,,,,,,,,,,,,,,,,,,,,,,
data_individual/data_lydo/ld0030.txt,"giám sát viên, công ty Vietnam Air Caterers
","146
",,,,,,,1,1,,,1,,,,,,,,,,,,,,,,,,,,1,,,,,,,,,,,,,,,,,,,,,1
data_individual/data_lydo/ld0001.txt,"sinh viên
","335
",,,,,,,,,,,,,,,,,,,,,,,,,,,,,,,,,,,,,,,,,,,,,,,,,,,,
data_individual/data_daihoc/dh0030.txt,"kỹ sư
","462
",,,,,,,,,,,,,,,,,,,,,,,,,,,,,,,,,,,,,,,,,,,,,,,,,,,,
data_individual/data_daihoc/dh0011.txt,"cử nhân luật
","70
",,,,,,,,,,,,,,,,,,,,,,,,,,,,,,,,,,,,,,,,,,,,,,,,,,,,
data_individual/data_daihoc/dh0021.txt,"cử nhân
","304
",,,,,,,,,,,1,,,,,,1,,,,,,,,,,,,,,,,,,,,,,,,,,,,,,,,,,,1
data_individual/data_daihoc/dh0009.txt,"kỹ sư nông nghiệp
","36
",,,,,,,,,,,1,1,,1,,,,,,1,,,,,,,,,,,,,,,,,,,,,,,,,,,,,,,,1
data_individual/data_daihoc/dh0010.txt,"kỹ sư
","42
",,,,,,,,,,,1,,,,,,,,,,,,,,,,,,,,,,,,,,,,,,,,,,,,,,,,,1
data_individual/data_daihoc/dh0024.txt,"cử nhân kinh tế
","347
",,,,,,1,1,1,,,,,,,,,,,,,,,,,,,,,,,,,,,,,,,,,,,,,,,,,,,,
data_individual/data_daihoc/dh0027.txt,"kỹ sư
","384
",,,,,,,,,,,1,,,,,,,,,,,1,,,,,,,,,,,,,,,,,,,,,,,,,,,,,,1
data_individual/data_daihoc/dh0015.txt,"kỹ sư
","128
",,,,,,,,,,,1,,,,,,,,,,,,,,,,,,,,,,,,,,,,,,,,,,,,,,,,,1
data_individual/data_daihoc/dh0003.txt,"bác sỹ
","7
",,,1,,,,,1,,,1,,,,,,,,,,,,,,,,,,,,,,,,,,,,,,,,,,,,,,,,,1
data_individual/data_daihoc/dh0026.txt,"cử nhân
","377
",,,,,,,,,,,1,,1,,,1,,,,1,1,,,,,,,,,,,,,,,,,,,,,,,,,,,,,,,1
data_individual/data_daihoc/dh0014.txt,"kỹ sư tin học
","125
",,,,,,,,,,,1,,,,,,,,,,,,,,,,,,,,1,,,,,,,,,,,,,,,,,,,,,1
data_individual/data_daihoc/dh0005.txt,"kỹ sư chế tạo máy
","23
",,,,1,,,1,1,,,1,,,,,1,,,,,,,,,,,,,,,,,,,,,,,,,,,,,,,,,,,,1
data_individual/data_daihoc/dh0007.txt,"bác sỹ
","29
",,,,,,,,,,1,1,,,,,,,1,,,,,,1,,,,,,,,,,1,,1,,,,,,,1,,,,,,,,,1
data_individual/data_daihoc/dh0025.txt,"cử nhân
","353
",,,,,,,,,,,,,,,,,,,,,,,,,,,,,,,,,,,,,,,,,,,,,,,,,,,,
data_individual/data_daihoc/dh0019.txt,"marketing
","164
",,,,,1,1,1,1,,,1,,,,,1,,,,,,,,,,,,,,,,,,,,,,,,,,,,,,,,,,,,1
data_individual/data_daihoc/dh0004.txt,"kỹ sư kinh tế
","13
",,1,,,,,,1,,,1,,,,,,,,,,,,,,,,,,,,,,,,,,,,,,,,,,,,,,,,,1
data_individual/data_daihoc/dh0029.txt,"cử nhân
","417
",,,,,,,,,,,,,,,,,,,,,,,,,,,,,,,,,,,,,,,,,,,,,,,,,,,,
data_individual/data_daihoc/dh0020.txt,"kỹ sư điện tử
","276
",,,,,,,1,1,,1,1,,1,,,1,,,,,,,,,,,,,,,,,,,,,,,,,,,,,,,,,,,,1
data_individual/data_daihoc/dh0016.txt,"tốt nghiệp đại học
","140
",,,,,,,,,,,1,,,,,,,1,,,,,,,,,1,,,,,,1,,,,,,,,,,,,,,,,,,,1
data_individual/data_daihoc/dh0023.txt,"tốt nghiệp đại học
","322
",,,,,,,,,,,,,,,,,,,,,,,,,,,,,,,,,,,,,,,,,,,,,,,,,,,,
data_individual/data_daihoc/dh0001.txt,"kỹ sư cơ khí
","3
",,,,,,,,,,,,,,,,,,,,,,,,,,1,,,,,,,,,,,1,,,,,,,,,,,,,,,1
data_individual/data_daihoc/dh0017.txt,"thiết kế trên máy tính
","150
",,,,,,,,,,,1,1,,,,,,,,1,,,,,1,,,,,,,,,,,,,,,,,,,,,,,,,,,1
data_individual/data_daihoc/dh0008.txt,"kỹ sư
","31
",,,,,,,,,,,,,,,,,,,,,,,,,,,,,,,,,,,,,,,,,,,,,,,,,,,,
data_individual/data_daihoc/dh0006.txt,"luật sư
","24
",,,,1,,,,1,,,1,,,,,,,,,,,,,,,,,,,,,,,,,,,,,,,,,,,,,,,,,1
data_individual/data_daihoc/dh0000.txt,"VII.3.4. THU HOẠCH CỦA NHỮNG NGƯỜI CÓ TRÌNH ĐỘ ĐẠI HỌC
","VII.3.4. THU HOẠCH CỦA NHỮNG NGƯỜI CÓ TRÌNH ĐỘ ĐẠI HỌC
",,,,,,,,,,,,,,,,,,,,,,,,,,,,,,,,,,,,,,,,,,,,,,,,,,,,
data_individual/data_daihoc/dh0012.txt,"kỹ sư
","98
",,,,,,,1,1,,,1,,,,,,,,,,,,,,,,,,,,,,,,,,,,,,,,,,,,,,,,,1
data_individual/data_daihoc/dh0013.txt,"nhà báo
","99
",,,,,,,,,,,1,1,,,,,,,,1,,,,1,,,,,,,,,,,,,,,,,,,,,,,,,,,,1
data_individual/data_daihoc/dh0002.txt,"cử nhân điêu khắc
","6
",,,,,,,,,,,,,,,,,,,,,,,,,,,,,,,,,,,,,,,,,,,,,,,,,,,,
data_individual/data_daihoc/dh0028.txt,"cử nhân
","410
",,,,,,,,,,,1,,,,,,,,,,,,,,,,,,,,,,,,,,,,,,,,,,,,,,,,,1
data_individual/data_daihoc/dh0018.txt,"họa sĩ
","164
",,,,,,,,,,,,,,,,,,,,,,,,,,,,,,,,,,,,,,,,,,,,,,,,,,,,
data_individual/data_daihoc/dh0022.txt,"kỹ sư hóa
","304
",,,,,,,1,1,,1,1,,,,,,,,,,,,,,,,,,,,,,,,,,,,,,,,,,,,,,,,,1
data_individual/data_tudo/td0022.txt,"lương y
","375
",,,,,,,,,,,,,,,,,,,,,,,,,,,,,,,,,,,,,,,,,,,,,,,,,,,,
data_individual/data_tudo/td0025.txt,"nghề tự do
","386
",,,,,,,1,1,,,,,,,,,,,,,,,,,,,,,,,,,,,,,,,,,,,,,,,,,,,,
data_individual/data_tudo/td0016.txt,"biên tập viên
","140
",,,,,,,,,,,1,,,,,1,,,,,,,,,,,,1,,,,,,,,,,,,,,,,,,,,,,,,1
data_individual/data_tudo/td0018.txt,"nghề tự do
","173
",,,,,,,,,,,,1,,,,1,,,,,,,,,,,,,,,,,,,1,,,,,,,,,,,,,,,,,1
data_individual/data_tudo/td0008.txt,"tu sĩ
","44
",,,,,,,1,1,,,1,1,1,,,1,1,,,1,,1,1,,1,1,,,,,1,,1,1,,1,,,,,,,,,,,,,,,,1
data_individual/data_tudo/td0007.txt,"tu sĩ
","31
",,,,,1,1,1,1,,,1,,,,,,,,,,,,,,,,,,,,,,,,,,,,,,,,,,,,,,,,,1
data_individual/data_tudo/td0001.txt,"công nhân, nhà máy Ba Son
","2
",,,,1,1,,,1,,,1,,,,,,,,,,,,,,,,,,,,,,,,,,,,,,,,,,,,,,,,,1
data_individual/data_tudo/td0021.txt,"tự do
","368
",,,,,,,,,,,1,,,,,,,1,,,,,,,,,,,,,1,,,,,,,,,,,,,,,,,,,,,1
data_individual/data_tudo/td0023.txt,"thầy thuốc đông y
","375
",,,,,,,,,,,,,,,,,,,,,,,,,,,,,,,,,,,,,,,,,,,,,,,,,,,,
data_individual/data_tudo/td0003.txt,"y sỹ đa khoa
","7
",,,,,,,,,,,,,,,,,,,,,,,,,,,,,,,,,,,,,,,,,,,,,,,,,,,,
data_individual/data_tudo/td0004.txt,"thợ may
","18
",,,,,,,,,,,1,,,,,,,,,,,,,,,,,,,,,,,,,,,,,,,,,,,,,,,,,1
data_individual/data_tudo/td0013.txt,"công nhân nguội
","70
",,,,,,,,,,,1,,,,,,,1,,,,,,,,,,1,,,,,,,,,,,,,,,,,,,,,,,,1
data_individual/data_tudo/td0002.txt,"quản đốc phân xưởng
","4
",,,,,,,,,,,,,,,,,,,,,,,,,,,,,,,,,,,,,,,,,,,,,,,,,,,,
data_individual/data_tudo/td0019.txt,"buôn bán
","199
",,,,,,,,,,,,,,,,,,,,,,,,,,,,,,,,,,,,,,,,,,,,,,,,,,,,
data_individual/data_tudo/td0015.txt,"thợ may
","131
",,,,,,,,,,,,,,,,1,,,,,,,,,,,,,,,,,,,,,,,,,,,,,,,,,,,,1
data_individual/data_tudo/td0010.txt,"công nhân
","59
",,,,,,,,,,,1,,,,,1,,,,,,,1,,,1,,,,,1,,,,,,,,,,,,,,,,,,,,,1
data_individual/data_tudo/td0011.txt,"kinh doanh
","68
",,,,,,,,,,,,,,,,,,,,,,,,,,,,,,,,,,,,,,,,,,,,,,,,,,,,
data_individual/data_tudo/td0027.txt,"nghề tự do
","419
",,,,,,,,,,,,,,,,,,,,,,,,,,,,,,,,,,,,,,,,,,,,,,,,,,,,
data_individual/data_tudo/td0017.txt,"kinh doanh
","140
",,,,,,,,,,,1,,,,,,,,,,,,,,,,,,,,,,1,,,,,,,,,,,,,,,,,,,1
data_individual/data_tudo/td0009.txt,"đại học, buôn bán
","46
",,,,,,,,,,,1,,,,,,,,,,,,,,,,,,,,,,,,,,,,,,,,,,,,,,,,,1
data_individual/data_tudo/td0006.txt,"chủ cơ sở sản xuất đồ chơi, học cụ
","28
",,,,,,,,,,,1,,,,,,,,,,,,,,,,,,,,,,1,,,,,,,,,,,,,,,,,,,1
data_individual/data_tudo/td0012.txt,"doanh nhân
","68
",,,,,,,1,1,,,1,,,,,,,,,,,,,,,,,,,,,,,,,,,,,,,,,,,,,,,,,1
data_individual/data_tudo/td0005.txt,"thợ mộc
","27
",,,,,,,,,,,,,,,,,,,,,,,,,,,,,,,,,,,,,,,,,,,,,,,,,,,,
data_individual/data_tudo/td0024.txt,"nghề tự do
","381
",,,,,,,,,,,,,,,,,,,,,,,,,,,,,,,,,,,,,,,,,,,,,,,,,,,,
data_individual/data_tudo/td0020.txt,"tiểu thương
","282
",,,,,,,,,,,1,,,,,,,,,,,,,,,,,,,,1,,,,,,,,,,,,,,,,,,,,,1
data_individual/data_tudo/td0028.txt,"kỹ sư điện tử, kinh doanh
","448
",,,,,,,,,,,1,,,,,,,,,,,,,,,,,,,,,,,,,,,,,,,,,,,,,,,,,1
data_individual/data_tudo/td0000.txt,"VII.3.3. THU HOẠCH CỦA CÔNG NHÂN, TIỂU THƯƠNG, LÀM NGHỀ TỰ
","VII.3.3. THU HOẠCH CỦA CÔNG NHÂN, TIỂU THƯƠNG, LÀM NGHỀ TỰ
",,,,,,,,,,,,,,,,,,,,,,,,,,,,,,,,,,,,,,,,,,,,,,,,,,,,
data_individual/data_tudo/td0026.txt,"biên tập văn học
","387
",,,,,,,,,,,,,,,,,,,,,,,,,,,,,,,,,,,,,,,,,,,,,,,,,,,,
data_individual/data_tudo/td0014.txt,"tiểu thương chợ An Đông
","83
",,,,,,,,,,,1,,,,,,,,,,,,,,,,,,,,,,,,,,,,,,,,,,,,,,,,,1
data_individual/data_tunhan/tn0014.txt,"kế toán trưởng, Công ty EMECO
","126
",,,,,,,,,,,1,,,,,,,,,,,,,,,,,,,,,,,,,,,,,,,,,,,,,,,,,1
data_individual/data_tunhan/tn0044.txt,"công ty may xuất khẩu Bình Dương
","299
",,,,,,,,,,,1,1,,,,1,,,,,1,1,,,,,,,,,,,,,,,,,,,,,,,,,,,,,,1
data_individual/data_tunhan/tn0023.txt,"khai thác viên, xưởng công nghệ điện tử viễn thông FTC
","153
",,,,,,,,,,,1,,,,,,,,,,,,,,,,,,,,,,,,,,,,,,,,,,,,,,,,,1
data_individual/data_tunhan/tn0042.txt,"giám đốc tài chính, nhân sự công ty
","290
",,,,,,,1,1,,1,1,,,,,,,,,,,,,,,,,,,,,,,,,,,,,,,,,,,,,,,,,1
data_individual/data_tunhan/tn0031.txt,"Reception công ty du lịch
","200
",,,,,,,,,,,1,,,,,,,,,,,,,,,,,,,,,,,,,,,,,,,,,,,,,,,,,1
data_individual/data_tunhan/tn0061.txt,"cán bộ Tập đoàn chăn nuôi CP Việt Nam
","461
",,1,,,,,,1,,,1,,,,,,,,,,,,,,,,,,,,,,,,,,,,,,,,,,,,,,,,,1
data_individual/data_tunhan/tn0065.txt,"cán bộ Tập đoàn chăn nuôi CP Việt Nam
","461
",,,1,,,,1,1,,,1,,,,,1,,,,,,,,,,,,,,,,,,,,,,,,,,,,,,,,,,,,1
data_individual/data_tunhan/tn0017.txt,"phòng tổ chức hành chính, Công ty Savimex
","135
",,,,,,,,,,,,,,,,,,,,,,,,,,,,,,,,,,,,,,,,,,,,,,,,,,,,
data_individual/data_tunhan/tn0011.txt,"kỹ sư, Phòng kỹ thuật, Công ty Fujitsu
","123
",,,,,,,,,,,1,,,,,,,,,,,,,,,,,,,,,,,,,,,,,,,,,,,,,,,,,1
data_individual/data_tunhan/tn0059.txt,"cán bộ Tập đoàn chăn nuôi CP Việt Nam
","461
",,,,,,,,,,,,,,,,,,,,,,,,,,,,,,,,,,,,,,,,,,,,,,,,,,,,
data_individual/data_tunhan/tn0004.txt,"cán bộ phụ trách kế hoạch kinh doanh công ty
","70
",,,,,1,,,1,,,1,,,,,,,,,,,,,,,,,,,,,,,,,,,,,,,,,,,,,,,,,1
data_individual/data_tunhan/tn0055.txt,"cán bộ Tập đoàn chăn nuôi CP Việt Nam
","461
",,,,,,,,,,,1,,,,,,,,,,,,,,,,,,,,,,,,,,,,,,,,,,,,,,,,,1
data_individual/data_tunhan/tn0047.txt,"nhân viên ngân hàng
","344
",,,,,,,1,1,,1,1,1,,,,,,,,1,1,1,,,,1,,,,1,,1,1,,,,,,,,,,1,,,,,,,,,1
data_individual/data_tunhan/tn0000.txt,"VII.3.6. THU HOẠCH CỦA CÁC NHÂN VIÊN, CÁN BỘ QUẢN LÝ LÀM VIỆC
","VII.3.6. THU HOẠCH CỦA CÁC NHÂN VIÊN, CÁN BỘ QUẢN LÝ LÀM VIỆC
",,,,,,,,,,,,,,,,,,,,,,,,,,,,,,,,,,,,,,,,,,,,,,,,,,,,
data_individual/data_tunhan/tn0057.txt,"cán bộ Tập đoàn chăn nuôi CP Việt Nam
","461
",,,,,,,,,,,,,,,,,,,,,,,,,,,,,,,,,,,,,,,,,,,,,,,,,,,,
data_individual/data_tunhan/tn0036.txt,"cán bộ quản lý, Tổng công ty Viglacera
","215
",,,,,,,,,,,1,1,1,1,,1,1,,1,,,1,,,,1,,,,1,1,,,,,,,,,,,,,,,,,,,,,1
data_individual/data_tunhan/tn0018.txt,"trợ lý trưởng phòng bán hàng, công ty Unilever Việt Nam
","137
",,,,,,,,,,,1,,,,,,,,,,,,,,,,,,,,,,,,,,,,,,,,,,,,,,,,,1
data_individual/data_tunhan/tn0037.txt,"kế toán trưởng công ty
","224
",,,,,,,,,,,,,,,,,,,,,,,,,,,,,,,,,,,,,,,,,,,,,,,,,,,,
data_individual/data_tunhan/tn0053.txt,"cán bộ nhà máy thức ăn gia súc Bình Định thuộc Tập đoàn chăn nuôi CP Việt Nam
","461
",,,,,,,,,,,1,,,,,,,,,,,,,,,,,,,,,,,,,,,,,,,,,,,,,,,,,1
data_individual/data_tunhan/tn0041.txt,"kỹ sư, công ty
","279
",,,,,,,,,,,1,,,,,,,,,,,,,1,1,,,,,,,,,,,1,,,,,,,,,,,,,,,,1
data_individual/data_tunhan/tn0007.txt,"nhân viên công ty Fujitsu
","104
",,,,,,,1,1,,,,,,,,,,,,,,,,,,,,,,,,,,,,,,,,,,,,,,,,,,,,
data_individual/data_tunhan/tn0006.txt,"giám đốc, Xí nghiệp bao bì An Giang
","101
",,,,,,,1,1,,,1,,,,,,,,,,,,,,,,,,,,,,,,,,,,,,,,,,,,,,,,,1
data_individual/data_tunhan/tn0005.txt,"cán bộ quản lý, công ty SONY
","123
",,,,,,,,,,,1,,,,,,,,,,,,,,,,,,,,,,,,,,,,,,,,,,,,,,,,,1
data_individual/data_tunhan/tn0062.txt,"cán bộ quản lý, Trung tâm công nghệ thông tin, Tập đoàn chăn nuôi CP Việt Nam
","461
",,,,,,,,,,,,,,,,,,,,,,,,,,,,,,,,,,,,,,,,,,,,,,,,,,,,
data_individual/data_tunhan/tn0025.txt,"cán bộ Ngân hàng xuất nhập khẩu Việt Nam
","175
",,,,,,,,,,,1,1,,,,,,,,,,,,,,,,,,,,,,,,,,,,,,,,,,,,,,,,1
data_individual/data_tunhan/tn0008.txt,"cán bộ, Nhà máy Satimex
","113
",,,,,,,,,,,1,,,,,,,,,,,,,,,,,,,,,,,,,,,,,,,,,,,,,,,,,1
data_individual/data_tunhan/tn0052.txt,"cán bộ công ty
","433
",,,,,,,,,,,,,,,,,,,,,,,,,,,,,,,,,,,,,,,,,,,,,,,,,,,,
data_individual/data_tunhan/tn0002.txt,"phó giám đốc công ty nước giải khát
","59
",,,,,,,,,,,1,1,,,,1,,,,,,,,,,,,,,,1,,,,,,,,,,,,,,,,,,,,,1
data_individual/data_tunhan/tn0027.txt,"cán bộ phòng kế hoạch, Công ty cổ phần đầu tư xây dựng Bình Chánh
","179
",,,,,,,,,,,1,,,,,,,,,,,,,1,,,,,,,,,,,,,,,,,,,,,,,,,,,,1
data_individual/data_tunhan/tn0048.txt,"cán bộ quản lý công ty Masan
","350
",,,,,,,,,,,,,,,,,,,,,,,,,,,,,,,1,,,,,,,,,,,,,,,,,,,,,1
data_individual/data_tunhan/tn0003.txt,"cử nhân khoa học ứng dụng, phó giám đốc xí nghiệp
","60
",,,,,,,,,,,1,,,,,,,,,,,,,,,,,,,,,,,,,,,,,,,,,,,,,,,,,1
data_individual/data_tunhan/tn0069.txt,"cán bộ quản lý công ty PNJ
","475
",,,,,,,,,,,1,,1,,,,,,,,,,,,,,,,,,,,,,,,,,,,,,,,,,,,,,,1
data_individual/data_tunhan/tn0060.txt,"cán bộ Tập đoàn chăn nuôi CP Việt Nam
","461
",,,,,,,,,,,,,,,,,,,,,,,,,,1,,,,,,,,,,,,,,,,,,,,,,,,,,1
data_individual/data_tunhan/tn0051.txt,"cán bộ quản lý công ty
","401
",,,,,,,1,1,,,1,,,,,,,,,,,,,,,,,,,,,,,,,,,,,,,,,,,,,,,,,1
data_individual/data_tunhan/tn0012.txt,"tiến sỹ, phó tổng giám đốc Công ty EMECO
","126
",,,,,,,,,,,1,,,,,1,,,,,,,,,,,,,,,,,,,,,,,,,,,,,,,,,,,,1
data_individual/data_tunhan/tn0024.txt,"cán bộ marketing
","156
",,,,,,,,,,,,,,,,,,,,,,,,,,,,,,,,,,,,,,,,,,,,,,,,,,,,
data_individual/data_tunhan/tn0030.txt,"nhân viên công ty trách nhiệm hữu hạn Vạn Phát Hưng
","198
",,,,,,,,,,,1,,,,,,,,,,,,,,,,,,,,,,,,,,,,,,,,,,,,,,,,,1
data_individual/data_tunhan/tn0056.txt,"cán bộ Tập đoàn chăn nuôi CP Việt Nam
","461
",,,1,,,,,1,,,,,,,,,,,,,,,,,,,,,,,,,,,,,,,,,,,,,,,,,,,,
data_individual/data_tunhan/tn0063.txt,"cán bộ Tập đoàn chăn nuôi CP Việt Nam
","461
",,,,,,,,,,,,,,1,,,,,,,,,,,,,,,,,,,,,,,,,,,,,,,,,,,,,,
data_individual/data_tunhan/tn0034.txt,"phó phòng kỹ thuật, Xí nghiệp may xuất khẩu 3/2
","202
",,,,,,,,,,,,,,,,,,,,,,,,,,,,,,,,,,,,,,,,,,,,,,,,,,,,
data_individual/data_tunhan/tn0066.txt,"cán bộ công nghệ thông tin của công ty
","474
",,,,,,,,,,,,,,,,,,,,,,,,,,,,,,,,,,,,,,,,,,,,,,,,,,,,
data_individual/data_tunhan/tn0029.txt,"kỹ sư chăn nuôi thú y, công ty LD Biopharmachemie
","196
",,,,,,,,,,,,,,,,,,,,,,,,,,,,,,,,,,,,,,,,,,,,,,,,,,,,
data_individual/data_tunhan/tn0032.txt,"Xí nghiệp may xuất khẩu 3/2
","202
",,,,,,,,,,,1,,,,,,,,,,,,,,,,,,,,,,,,,,,,,,,,,,,,,,,,,1
data_individual/data_tunhan/tn0046.txt,"cán bộ công ty
","320
",,,,,,,,,,,1,1,,,,,,,,,,,,,,,,,,,,,,,,,,,,,,,,,,,,,,,,1
data_individual/data_tunhan/tn0038.txt,"cán bộ quản lý công nghệ thông tin của công ty
","236
",,,,,,,,,,,,,,,,,,,,,,,,,,,,,,,,,,,,,,,,,,,,,,,,,,,,
data_individual/data_tunhan/tn0026.txt,"kế toán công ty xuất nhập khẩu
","175
",,,,,,,1,1,,,1,,,,,1,,,,,,,,,,,,,,,,,,,,,,,,,,,,,,,,,,,,1
data_individual/data_tunhan/tn0039.txt,"cán bộ quản lý
","260
",,,,,,,,,,,1,,,,,,,,,,,,,,,,,,,,,,,,,,,,,,,,,,,,,,,,,1
data_individual/data_tunhan/tn0040.txt,"quản lý phòng kế toán tài chính công ty
","274
",,,,,,,1,1,,,1,,,,,1,,,,,,,,,,,,,,,,,,,,,,,,,,,,,,,,,,,,1
data_individual/data_tunhan/tn0058.txt,"cán bộ Tập đoàn chăn nuôi CP Việt Nam
","461
",,1,1,,,,,1,,,1,,,,,,,,,,,,,,,,,,,,,,,,,,,,,,,,,,,,,,,,,1
data_individual/data_tunhan/tn0016.txt,"phòng tổ chức nhân sự, công ty Savimex
","135
",,,,,,,,,,,1,,,,,,,,,,,,,,,,,,,,,,,,,,,,,,,,,,,,,,,,,1
data_individual/data_tunhan/tn0009.txt,"trưởng phòng đào tạo, Công ty Unilever Việt Nam
","120
",,,,,,,,,,,,,,,,,,,,,,,,,,,,,,,,,,,,,,,,,,,,,,,,,,,,
data_individual/data_tunhan/tn0013.txt,"chánh văn phòng, Công ty EMECO
","126
",,,,,,,,,,,1,,,,,,,,,,,,,,,,,,,,,,,,,,,,,,,,,,,,,,,,,1
data_individual/data_tunhan/tn0028.txt,"Công ty phát hành báo chí
","192
",,,,,,,,,,,,,,,,,,,,,,,,,,,,,,,,,,,,,,,,,,,,,,,,,,,,
data_individual/data_tunhan/tn0022.txt,"cán bộ Công ty Vietnam Air Caterers
","146
",,1,1,,1,1,1,1,,,1,,,,,1,,,,,,,,,,,,,,,,,,,,,,,,,,,,1,,,,,,,,1
data_individual/data_tunhan/tn0001.txt,"kỹ sư thủy sản, giám đốc công ty
","53
",,,,,,,,,,,,,,,,,,,,,,,,,,,,,,,,,,,,,,,,,,,,,,,,,,,,
data_individual/data_tunhan/tn0033.txt,"nhân viên công ty
","200
",,1,1,,1,,1,1,,,1,,,,,,,,,,,,,,,,,,,,,,,,,,,,,,,,,,,,,,,,,1
data_individual/data_tunhan/tn0070.txt,"cán bộ quản lý Công ty PNJ
","475
",,,,,,,,,,,1,,,,,,,,,,,,,,,,,,,,,,,,,,,,,,,,,,,,,,,,,1
data_individual/data_tunhan/tn0035.txt,"cán bộ công ty
","209
",,,,,,,,,,,,,,,,,,,,,,,,,,,,,,,,,,,,,,,,,,,,,,,,,,,,
data_individual/data_tunhan/tn0043.txt,"cán bộ quản lý công ty
","290
",,,,,,,,,,,,,,,,,,,,,,,,,,,,,,,,,,,,,,,,,,,,,,,,,,,,
data_individual/data_tunhan/tn0054.txt,"cán bộ Tập đoàn chăn nuôi CP Việt Nam
","461
",,,,,,,,,,,1,,,,,1,,,,,,,,,,,,,,,,,1,,,,,,,,,,,,,,,,,,,1
data_individual/data_tunhan/tn0045.txt,"kỹ sư CNTT của công ty
","299
",,1,1,,,,1,1,,,1,,,,,,,,,,,,,,,,,,,,,,,,,,,,,,,,,,,,,,,,,1
data_individual/data_tunhan/tn0071.txt,"marketing công ty
","480
",,,,,,,,,,,,,,,,,,,,,,,,,,,,,,,,,,,,,,,,,,,,,,,,,,,,
data_individual/data_tunhan/tn0015.txt,"kiến trúc sư, Công ty tư vấn xây dựng tổng hợp
","129
",,,,,,,,,,,,,,,,,,,,,,,,,,,,,,,,,,,,,,,,,,,,,,,,,,,,
data_individual/data_tunhan/tn0050.txt,"cán bộ quản lý công ty cổ phần kỹ thuật Toàn Thắng
","380
",,,,,,,1,1,,,1,,,,,,,,,,1,1,,1,,,,,,,,,,,,,,,,,,,,,,,,,,,,1
data_individual/data_tunhan/tn0020.txt,"bếp trưởng, công ty Vietnam Air Caterers
","146
",,,,,1,,,1,,,1,,,,,1,,,,,,,,,,,,,,,,,,,,,,,,,,,,,,,,,,,,1
data_individual/data_tunhan/tn0019.txt,"trưởng điều hành, công ty Vietnam Air Caterers
","146
",,,,,,,,,,,1,,,,,,,,,,,,,,,,,,,,,,,,,,,,,,,,,,,,,,,,,1
data_individual/data_tunhan/tn0068.txt,"cán bộ quản lý công ty PNJ
","475
",,,,,,,1,1,,,,,,,,,,,,,,,,,,,,,,,,,,,,,,,,,,,,,,,,,,,,
data_individual/data_tunhan/tn0072.txt,"kỹ sư Công ty Kimberly-Clark Việt Nam
","453
",,,,,,,,,,,,,,,,,,,,,,,,,,,,,,,,,,,,,,,,,,,,,,,,,,,,
data_individual/data_tunhan/tn0021.txt,"cán bộ, công ty Vietnam Air Caterers
","146
",,,,,,,,,,,1,,,1,,1,,,,,,,,,,,,,,,,,,,,,,,,,,,,,,,,,,,,1
data_individual/data_tunhan/tn0049.txt,"cán bộ công ty
","377
",,,,,,,,,,,,,,,,,,,,,,,,,,,,,,,,,,,,,,,,,,,,,,,,,,,,
data_individual/data_tunhan/tn0067.txt,"cán bộ quản lý, Công ty vàng bạc đá quý Phú Nhuận PNJ
","475
",,,,,,,,,,,1,,,,,,,,,,,,,,,,,,,,,,,,,,,,,,,,,,,,,,,,,1
data_individual/data_tunhan/tn0064.txt,"cán bộ Tập đoàn chăn nuôi CP Việt Nam
","461
",,,,,,,,,,,1,,,,,,1,,,,,,1,,,,,,,,1,,,,,,,,,,,,,,,,,,,,,1
data_individual/data_tunhan/tn0010.txt,"thư ký văn phòng, Công ty TNT Express Worldwide
","120
",,,,,,,,,,,,,,,,,,,,,,,,,,,,,,,,,,,,,,,,,,,,,,,,,,,,
Sum per keywords,,,0,14,22,9,18,8,70,92,0,9,207,28,15,8,0,51,11,9,3,22,21,33,4,10,5,22,3,8,0,6,24,4,14,10,1,8,1,1,0,0,1,0,6,2,0,0,0,0,0,0,0,231
